{
  "keys": [
    "MERCURY BARYCENTER",
    "VENUS BARYCENTER",
    "EARTH BARYCENTER",
    "MARS BARYCENTER"
  ],
  "values": [
    {
      "x": -57939103.44572621,
      "y": -23527247.8842608,
      "z": -6563301.028175717
    },
    {
      "x": 67828588.41569945,
      "y": 78264764.65918353,
      "z": 30925157.493638713
    },
    {
      "x": -26730874.925392378,
      "y": 132720590.0667111,
      "z": 57532680.89857033
    },
    {
      "x": -78044617.54879743,
      "y": 206679942.22029552,
      "z": 96904271.38665181
    }
  ]
}